id,trade_date,user_id,server,broker_group,nfo_realized,nfo_settlement,bfo_realized,bfo_settlement,total_realized,total_settlement,net_pnl,max_loss,allocation,updated_max_loss,dte,summary_index,summary_dte,algo,input_fingerprint,updated_at
4109,2026-08-21,36985212,VS11,AVG,-9.75,1538.55,0.0,0.0,-9.75,1538.55,1528.8,225000.0,125000.0,226528.8,4,NF,4,A7,a8a542a33cf89c1d2e8bf16998b58c8a88352cb94706858d40ccb171e7bf626f,2026-08-21T15:10:46
4110,2026-08-21,74125896,VS11,AVG,-14.95,1502.8,0.0,0.0,-14.95,1502.8,1487.85,270000.0,150000.0,271487.85,4,NF,4,A7,a8a542a33cf89c1d2e8bf16998b58c8a88352cb94706858d40ccb171e7bf626f,2026-08-21T15:10:46
4111,2026-08-21,ALKAAGA0,VS11,AVG,-9.75,1535.95,0.0,0.0,-9.75,1535.95,1526.2,225000.0,125000.0,226526.2,4,NF,4,A7,a8a542a33cf89c1d2e8bf16998b58c8a88352cb94706858d40ccb171e7bf626f,2026-08-21T15:10:46
4112,2026-08-21,ANISHA48,VS11,AVG,-11.05,3068.0,0.0,0.0,-11.05,3068.0,3056.95,360000.0,200000.0,363056.95,4,NF,4,A7,a8a542a33cf89c1d2e8bf16998b58c8a88352cb94706858d40ccb171e7bf626f,2026-08-21T15:10:46
4113,2026-08-21,HUFDEVEG,VS11,AVG,-9.75,1546.35,0.0,0.0,-9.75,1546.35,1536.6,225000.0,125000.0,226536.6,4,NF,4,A7,a8a542a33cf89c1d2e8bf16998b58c8a88352cb94706858d40ccb171e7bf626f,2026-08-21T15:10:46
4114,2026-08-21,HUFGRAVI,VS11,AVG,-11.7,1521.65,0.0,0.0,-11.7,1521.65,1509.95,180000.0,100000.0,181509.95,4,NF,4,A7,a8a542a33cf89c1d2e8bf16998b58c8a88352cb94706858d40ccb171e7bf626f,2026-08-21T15:10:46
4115,2026-08-21,HUFJAIND,VS11,AVG,-9.75,1530.75,0.0,0.0,-9.75,1530.75,1521.0,225000.0,125000.0,226521.0,4,NF,4,A7,a8a542a33cf89c1d2e8bf16998b58c8a88352cb94706858d40ccb171e7bf626f,2026-08-21T15:10:46
4116,2026-08-21,HUFRG999,VS11,AVG,-9.75,1548.3,0.0,0.0,-9.75,1548.3,1538.55,315000.0,175000.0,316538.55,4,NF,4,A7,a8a542a33cf89c1d2e8bf16998b58c8a88352cb94706858d40ccb171e7bf626f,2026-08-21T15:10:46
4117,2026-08-21,LAMBAANU,VS11,AVG,-14.3,1499.55,0.0,0.0,-14.3,1499.55,1485.25,180000.0,100000.0,181485.25,4,NF,4,A7,a8a542a33cf89c1d2e8bf16998b58c8a88352cb94706858d40ccb171e7bf626f,2026-08-21T15:10:46
4118,2026-08-21,MDEEPESK,VS11,AVG,-11.05,3058.9,0.0,0.0,-11.05,3058.9,3047.85,405000.0,225000.0,408047.85,4,NF,4,A7,a8a542a33cf89c1d2e8bf16998b58c8a88352cb94706858d40ccb171e7bf626f,2026-08-21T15:10:46
4119,2026-08-21,MDHRUM03,VS11,AVG,-9.75,1534.0,0.0,0.0,-9.75,1534.0,1524.25,225000.0,125000.0,226524.25,4,NF,4,A7,a8a542a33cf89c1d2e8bf16998b58c8a88352cb94706858d40ccb171e7bf626f,2026-08-21T15:10:46
4120,2026-08-21,MINA1425,VS11,AVG,-9.75,1554.8,0.0,0.0,-9.75,1554.8,1545.05,180000.0,100000.0,181545.05,4,NF,4,A7,a8a542a33cf89c1d2e8bf16998b58c8a88352cb94706858d40ccb171e7bf626f,2026-08-21T15:10:46
4121,2026-08-21,MPRASHAN,VS11,AVG,-9.75,1521.0,0.0,0.0,-9.75,1521.0,1511.25,225000.0,125000.0,226511.25,4,NF,4,A7,a8a542a33cf89c1d2e8bf16998b58c8a88352cb94706858d40ccb171e7bf626f,2026-08-21T15:10:46
4122,2026-08-21,MRAKESHS,VS11,AVG,-9.75,1556.1,0.0,0.0,-9.75,1556.1,1546.35,315000.0,175000.0,316546.35,4,NF,4,A7,a8a542a33cf89c1d2e8bf16998b58c8a88352cb94706858d40ccb171e7bf626f,2026-08-21T15:10:46
4123,2026-08-21,MSDAGA01,VS11,AVG,-11.05,3051.1,0.0,0.0,-11.05,3051.1,3040.05,360000.0,200000.0,363040.05,4,NF,4,A7,a8a542a33cf89c1d2e8bf16998b58c8a88352cb94706858d40ccb171e7bf626f,2026-08-21T15:10:46
4124,2026-08-21,NAVN8000,VS11,AVG,-14.95,1514.5,0.0,0.0,-14.95,1514.5,1499.55,315000.0,175000.0,316499.55,4,NF,4,A7,a8a542a33cf89c1d2e8bf16998b58c8a88352cb94706858d40ccb171e7bf626f,2026-08-21T15:10:46
4125,2026-08-21,NEHAGOE4,VS11,AVG,-14.3,1509.95,0.0,0.0,-14.3,1509.95,1495.65,270000.0,150000.0,271495.65,4,NF,4,A7,a8a542a33cf89c1d2e8bf16998b58c8a88352cb94706858d40ccb171e7bf626f,2026-08-21T15:10:46
4126,2026-08-21,NEHAWARI,VS11,AVG,-11.7,1518.4,0.0,0.0,-11.7,1518.4,1506.7,180000.0,100000.0,181506.7,4,NF,4,A7,a8a542a33cf89c1d2e8bf16998b58c8a88352cb94706858d40ccb171e7bf626f,2026-08-21T15:10:46
4127,2026-08-21,NILI1953,VS11,AVG,-9.75,1530.75,0.0,0.0,-9.75,1530.75,1521.0,315000.0,175000.0,316521.0,4,NF,4,A7,a8a542a33cf89c1d2e8bf16998b58c8a88352cb94706858d40ccb171e7bf626f,2026-08-21T15:10:46
4128,2026-08-21,PSANGHIC,VS11,AVG,-11.05,3066.7,0.0,0.0,-11.05,3066.7,3055.65,495000.0,275000.0,498055.65,4,NF,4,A7,a8a542a33cf89c1d2e8bf16998b58c8a88352cb94706858d40ccb171e7bf626f,2026-08-21T15:10:46
4129,2026-08-21,SHRUTI43,VS11,AVG,-14.3,1522.3,0.0,0.0,-14.3,1522.3,1508.0,225000.0,125000.0,226508.0,4,NF,4,A7,a8a542a33cf89c1d2e8bf16998b58c8a88352cb94706858d40ccb171e7bf626f,2026-08-21T15:10:46
4130,2026-08-21,VEDANGI2,VS11,AVG,-14.3,1509.3,0.0,0.0,-14.3,1509.3,1495.0,270000.0,150000.0,271495.0,4,NF,4,A7,a8a542a33cf89c1d2e8bf16998b58c8a88352cb94706858d40ccb171e7bf626f,2026-08-21T15:10:46
4131,2026-08-21,VIDHID00,VS11,AVG,-9.75,1527.5,0.0,0.0,-9.75,1527.5,1517.75,225000.0,125000.0,226517.75,4,NF,4,A7,a8a542a33cf89c1d2e8bf16998b58c8a88352cb94706858d40ccb171e7bf626f,2026-08-21T15:10:46
4132,2026-08-21,VTPRATIM,VS11,AVG,-12.35,2999.1,0.0,0.0,-12.35,2999.1,2986.75,0.0,300000.0,2986.75,4,NF,4,A7,a8a542a33cf89c1d2e8bf16998b58c8a88352cb94706858d40ccb171e7bf626f,2026-08-21T15:10:46
4255,2026-08-21,MMANUJG7,VS13,AVG,0.0,1514.5,0.0,0.0,0.0,1514.5,1514.5,200000.0,100000.0,201514.5,4,NF,4,A1,a18e5d5299838ce3792094db7bef9b686f926a68f2d35ab62979bd287277fd0d,2026-08-21T15:15:30
4256,2026-08-21,SHILPI25,VS13,AVG,0.0,1519.7,0.0,0.0,0.0,1519.7,1519.7,250000.0,125000.0,251519.7,4,NF,4,A1,a18e5d5299838ce3792094db7bef9b686f926a68f2d35ab62979bd287277fd0d,2026-08-21T15:15:30
4183,2026-08-21,7RA110015,VS14,FIFO,0.0,1771.25,0.0,0.0,0.0,1771.25,1771.25,300000.0,150000.0,300000.0,4,NF,4,A1,050db77d60efed7fba0af6949d1ce6e8593fa4a4c488b45525838f7e30011f10,2026-08-21T15:12:35
4184,2026-08-21,7RA110031,VS14,FIFO,0.0,1774.5,0.0,0.0,0.0,1774.5,1774.5,250000.0,125000.0,250000.0,4,NF,4,A1,050db77d60efed7fba0af6949d1ce6e8593fa4a4c488b45525838f7e30011f10,2026-08-21T15:12:35
4185,2026-08-21,7RA110045,VS14,FIFO,0.0,1761.5,0.0,0.0,0.0,1761.5,1761.5,200000.0,100000.0,200000.0,4,NF,4,A1,050db77d60efed7fba0af6949d1ce6e8593fa4a4c488b45525838f7e30011f10,2026-08-21T15:12:35
4186,2026-08-21,7RA110095,VS14,FIFO,0.0,1758.25,0.0,0.0,0.0,1758.25,1758.25,200000.0,100000.0,200000.0,4,NF,4,A1,050db77d60efed7fba0af6949d1ce6e8593fa4a4c488b45525838f7e30011f10,2026-08-21T15:12:35
4187,2026-08-21,7RA1LL11,VS14,FIFO,0.0,1771.25,0.0,0.0,0.0,1771.25,1771.25,250000.0,125000.0,250000.0,4,NF,4,A1,050db77d60efed7fba0af6949d1ce6e8593fa4a4c488b45525838f7e30011f10,2026-08-21T15:12:35
4188,2026-08-21,AMIT3732,VS14,AVG,0.0,1664.65,0.0,0.0,0.0,1664.65,1664.65,250000.0,125000.0,251664.65,4,NF,4,A1,050db77d60efed7fba0af6949d1ce6e8593fa4a4c488b45525838f7e30011f10,2026-08-21T15:12:35
4189,2026-08-21,B7RA1RS76,VS14,FIFO,0.0,1761.5,0.0,0.0,0.0,1761.5,1761.5,300000.0,150000.0,300000.0,4,NF,4,A1,050db77d60efed7fba0af6949d1ce6e8593fa4a4c488b45525838f7e30011f10,2026-08-21T15:12:35
4190,2026-08-21,MNIRJHAR,VS14,AVG,0.0,1658.8,0.0,0.0,0.0,1658.8,1658.8,250000.0,125000.0,251658.8,4,NF,4,A1,050db77d60efed7fba0af6949d1ce6e8593fa4a4c488b45525838f7e30011f10,2026-08-21T15:12:35
4191,2026-08-21,MRAJSHRE,VS14,AVG,0.0,1693.9,0.0,0.0,0.0,1693.9,1693.9,200000.0,100000.0,201693.9,4,NF,4,A1,050db77d60efed7fba0af6949d1ce6e8593fa4a4c488b45525838f7e30011f10,2026-08-21T15:12:35
4192,2026-08-21,MSANDSHA,VS14,AVG,0.0,1693.25,0.0,0.0,0.0,1693.25,1693.25,350000.0,175000.0,351693.25,4,NF,4,A1,050db77d60efed7fba0af6949d1ce6e8593fa4a4c488b45525838f7e30011f10,2026-08-21T15:12:35
4193,2026-08-21,MSHWETA1,VS14,AVG,0.0,1677.65,0.0,0.0,0.0,1677.65,1677.65,250000.0,125000.0,251677.65,4,NF,4,A1,050db77d60efed7fba0af6949d1ce6e8593fa4a4c488b45525838f7e30011f10,2026-08-21T15:12:35
4194,2026-08-21,R7RA1279,VS14,FIFO,0.0,3543.8,0.0,0.0,0.0,3543.8,3543.8,500000.0,250000.0,500000.0,4,NF,4,A1,050db77d60efed7fba0af6949d1ce6e8593fa4a4c488b45525838f7e30011f10,2026-08-21T15:12:35
4195,2026-08-21,RENUD101,VS14,AVG,0.0,1688.7,0.0,0.0,0.0,1688.7,1688.7,200000.0,100000.0,201688.7,4,NF,4,A1,050db77d60efed7fba0af6949d1ce6e8593fa4a4c488b45525838f7e30011f10,2026-08-21T15:12:35
4168,2026-08-21,90757742,VS15,AVG,0.0,1405.95,0.0,0.0,0.0,1405.95,1405.95,200000.0,100000.0,201405.95,4,NF,4,A1,72083a988a91a6cde117b57bc961e8781961ac9b93efd4a59b14dc47c8c2dca6,2026-08-21T15:12:13
4169,2026-08-21,DIVYA934,VS15,AVG,0.0,1401.4,0.0,0.0,0.0,1401.4,1401.4,300000.0,150000.0,301401.4,4,NF,4,A1,72083a988a91a6cde117b57bc961e8781961ac9b93efd4a59b14dc47c8c2dca6,2026-08-21T15:12:13
4170,2026-08-21,GASHUNAN,VS15,AVG,0.0,1372.8,0.0,0.0,0.0,1372.8,1372.8,250000.0,125000.0,251372.8,4,NF,4,A1,72083a988a91a6cde117b57bc961e8781961ac9b93efd4a59b14dc47c8c2dca6,2026-08-21T15:12:13
4171,2026-08-21,GIRNAAR0,VS15,AVG,0.0,1408.55,0.0,0.0,0.0,1408.55,1408.55,350000.0,175000.0,351408.55,4,NF,4,A1,72083a988a91a6cde117b57bc961e8781961ac9b93efd4a59b14dc47c8c2dca6,2026-08-21T15:12:13
4172,2026-08-21,MAADIKIR,VS15,AVG,0.0,1408.55,0.0,0.0,0.0,1408.55,1408.55,300000.0,150000.0,301408.55,4,NF,4,A1,72083a988a91a6cde117b57bc961e8781961ac9b93efd4a59b14dc47c8c2dca6,2026-08-21T15:12:13
4173,2026-08-21,MANJU016,VS15,AVG,0.0,1411.8,0.0,0.0,0.0,1411.8,1411.8,250000.0,125000.0,251411.8,4,NF,4,A1,72083a988a91a6cde117b57bc961e8781961ac9b93efd4a59b14dc47c8c2dca6,2026-08-21T15:12:13
4174,2026-08-21,MANUPANK,VS15,AVG,0.0,1405.3,0.0,0.0,0.0,1405.3,1405.3,200000.0,100000.0,201405.3,4,NF,4,A1,72083a988a91a6cde117b57bc961e8781961ac9b93efd4a59b14dc47c8c2dca6,2026-08-21T15:12:13
4175,2026-08-21,MARYAMAN,VS15,AVG,0.0,1379.3,0.0,0.0,0.0,1379.3,1379.3,200000.0,100000.0,201379.3,4,NF,4,A1,72083a988a91a6cde117b57bc961e8781961ac9b93efd4a59b14dc47c8c2dca6,2026-08-21T15:12:13
4176,2026-08-21,MDAKSHAS,VS15,AVG,0.0,1467.05,0.0,0.0,0.0,1467.05,1467.05,250000.0,125000.0,251467.05,4,NF,4,A1,72083a988a91a6cde117b57bc961e8781961ac9b93efd4a59b14dc47c8c2dca6,2026-08-21T15:12:13
4177,2026-08-21,MGOURAV1,VS15,AVG,0.0,1438.45,0.0,0.0,0.0,1438.45,1438.45,250000.0,125000.0,251438.45,4,NF,4,A1,72083a988a91a6cde117b57bc961e8781961ac9b93efd4a59b14dc47c8c2dca6,2026-08-21T15:12:13
4178,2026-08-21,MJHAWARK,VS15,AVG,0.0,1400.75,0.0,0.0,0.0,1400.75,1400.75,200000.0,100000.0,201400.75,4,NF,4,A1,72083a988a91a6cde117b57bc961e8781961ac9b93efd4a59b14dc47c8c2dca6,2026-08-21T15:12:13
4179,2026-08-21,MSHILPIR,VS15,AVG,0.0,1448.85,0.0,0.0,0.0,1448.85,1448.85,200000.0,100000.0,201448.85,4,NF,4,A1,72083a988a91a6cde117b57bc961e8781961ac9b93efd4a59b14dc47c8c2dca6,2026-08-21T15:12:13
4180,2026-08-21,RHUFJAIN,VS15,AVG,0.0,1407.25,0.0,0.0,0.0,1407.25,1407.25,250000.0,125000.0,251407.25,4,NF,4,A1,72083a988a91a6cde117b57bc961e8781961ac9b93efd4a59b14dc47c8c2dca6,2026-08-21T15:12:13
4181,2026-08-21,RITESH10,VS15,AVG,0.0,1428.7,0.0,0.0,0.0,1428.7,1428.7,200000.0,100000.0,201428.7,4,NF,4,A1,72083a988a91a6cde117b57bc961e8781961ac9b93efd4a59b14dc47c8c2dca6,2026-08-21T15:12:13
4182,2026-08-21,TOLANI79,VS15,AVG,0.0,1415.05,0.0,0.0,0.0,1415.05,1415.05,300000.0,150000.0,301415.05,4,NF,4,A1,72083a988a91a6cde117b57bc961e8781961ac9b93efd4a59b14dc47c8c2dca6,2026-08-21T15:12:13
4223,2026-08-21,06954037,VS16,AVG,0.0,1498.9,0.0,0.0,0.0,1498.9,1498.9,200000.0,100000.0,201498.9,4,NF,4,A1,a43ac2187568aa262d9ba5b36e437c73b7ca55a8e863ff862592310f6673d06a,2026-08-21T15:14:03
4224,2026-08-21,BAID1975,VS16,AVG,0.0,3088.8,0.0,0.0,0.0,3088.8,3088.8,450000.0,225000.0,453088.8,4,NF,4,A1,a43ac2187568aa262d9ba5b36e437c73b7ca55a8e863ff862592310f6673d06a,2026-08-21T15:14:03
4225,2026-08-21,KHEMANI2,VS16,AVG,0.0,1529.45,0.0,0.0,0.0,1529.45,1529.45,200000.0,100000.0,201529.45,4,NF,4,A1,a43ac2187568aa262d9ba5b36e437c73b7ca55a8e863ff862592310f6673d06a,2026-08-21T15:14:03
4226,2026-08-21,LAXMM764,VS16,AVG,0.0,1545.7,0.0,0.0,0.0,1545.7,1545.7,250000.0,125000.0,251545.7,4,NF,4,A1,a43ac2187568aa262d9ba5b36e437c73b7ca55a8e863ff862592310f6673d06a,2026-08-21T15:14:03
4227,2026-08-21,MJASVINC,VS16,AVG,0.0,1557.4,0.0,0.0,0.0,1557.4,1557.4,250000.0,125000.0,251557.4,4,NF,4,A1,a43ac2187568aa262d9ba5b36e437c73b7ca55a8e863ff862592310f6673d06a,2026-08-21T15:14:03
4228,2026-08-21,MSHASHI0,VS16,AVG,0.0,1491.75,0.0,0.0,0.0,1491.75,1491.75,250000.0,125000.0,251491.75,4,NF,4,A1,a43ac2187568aa262d9ba5b36e437c73b7ca55a8e863ff862592310f6673d06a,2026-08-21T15:14:03
4229,2026-08-21,MSIDDHAM,VS16,AVG,0.0,1537.9,0.0,0.0,0.0,1537.9,1537.9,200000.0,100000.0,201537.9,4,NF,4,A1,a43ac2187568aa262d9ba5b36e437c73b7ca55a8e863ff862592310f6673d06a,2026-08-21T15:14:03
4230,2026-08-21,MVIPINKJ,VS16,AVG,0.0,1515.15,0.0,0.0,0.0,1515.15,1515.15,250000.0,125000.0,251515.15,4,NF,4,A1,a43ac2187568aa262d9ba5b36e437c73b7ca55a8e863ff862592310f6673d06a,2026-08-21T15:14:03
4231,2026-08-21,PRATI446,VS16,AVG,0.0,1530.75,0.0,0.0,0.0,1530.75,1530.75,250000.0,125000.0,251530.75,4,NF,4,A1,a43ac2187568aa262d9ba5b36e437c73b7ca55a8e863ff862592310f6673d06a,2026-08-21T15:14:03
4232,2026-08-21,VIJAYS45,VS16,AVG,0.0,1519.7,0.0,0.0,0.0,1519.7,1519.7,250000.0,125000.0,251519.7,4,NF,4,A1,a43ac2187568aa262d9ba5b36e437c73b7ca55a8e863ff862592310f6673d06a,2026-08-21T15:14:03
4243,2026-08-21,74059822,VS18,AVG,0.0,1500.2,0.0,0.0,0.0,1500.2,1500.2,250000.0,125000.0,251500.2,4,NF,4,A1,c32a7c29ed5f04cbbc0da86442c92d5d68f2ba0d63dfbe5f3d238a4c9e530c02,2026-08-21T15:15:08
4244,2026-08-21,JYOTI116,VS18,AVG,0.0,1499.55,0.0,0.0,0.0,1499.55,1499.55,250000.0,125000.0,251499.55,4,NF,4,A1,c32a7c29ed5f04cbbc0da86442c92d5d68f2ba0d63dfbe5f3d238a4c9e530c02,2026-08-21T15:15:08
4245,2026-08-21,MABHILAS,VS18,AVG,0.0,1501.5,0.0,0.0,0.0,1501.5,1501.5,200000.0,100000.0,201501.5,4,NF,4,A1,c32a7c29ed5f04cbbc0da86442c92d5d68f2ba0d63dfbe5f3d238a4c9e530c02,2026-08-21T15:15:08
4246,2026-08-21,MADALMIA,VS18,AVG,0.0,2988.7,0.0,0.0,0.0,2988.7,2988.7,400000.0,200000.0,402988.7,4,NF,4,A1,c32a7c29ed5f04cbbc0da86442c92d5d68f2ba0d63dfbe5f3d238a4c9e530c02,2026-08-21T15:15:08
4247,2026-08-21,MADHU10,VS18,FIFO,0.0,1527.5,0.0,0.0,0.0,1527.5,1527.5,300000.0,150000.0,300000.0,4,NF,4,A1,c32a7c29ed5f04cbbc0da86442c92d5d68f2ba0d63dfbe5f3d238a4c9e530c02,2026-08-21T15:15:08
4248,2026-08-21,MSANDEER,VS18,AVG,0.0,1515.8,0.0,0.0,0.0,1515.8,1515.8,250000.0,125000.0,251515.8,4,NF,4,A1,c32a7c29ed5f04cbbc0da86442c92d5d68f2ba0d63dfbe5f3d238a4c9e530c02,2026-08-21T15:15:08
4249,2026-08-21,MSANDY05,VS18,AVG,0.0,1491.75,0.0,0.0,0.0,1491.75,1491.75,200000.0,100000.0,201491.75,4,NF,4,A1,c32a7c29ed5f04cbbc0da86442c92d5d68f2ba0d63dfbe5f3d238a4c9e530c02,2026-08-21T15:15:08
4250,2026-08-21,MSUMAN62,VS18,AVG,0.0,1493.05,0.0,0.0,0.0,1493.05,1493.05,200000.0,100000.0,201493.05,4,NF,4,A1,c32a7c29ed5f04cbbc0da86442c92d5d68f2ba0d63dfbe5f3d238a4c9e530c02,2026-08-21T15:15:08
4251,2026-08-21,MSUSHIL6,VS18,AVG,0.0,1496.3,0.0,0.0,0.0,1496.3,1496.3,250000.0,125000.0,251496.3,4,NF,4,A1,c32a7c29ed5f04cbbc0da86442c92d5d68f2ba0d63dfbe5f3d238a4c9e530c02,2026-08-21T15:15:08
4252,2026-08-21,MXESTATE,VS18,AVG,0.0,1474.2,0.0,0.0,0.0,1474.2,1474.2,250000.0,125000.0,251474.2,4,NF,4,A1,c32a7c29ed5f04cbbc0da86442c92d5d68f2ba0d63dfbe5f3d238a4c9e530c02,2026-08-21T15:15:08
4253,2026-08-21,SANDHU01,VS18,AVG,0.0,1513.2,0.0,0.0,0.0,1513.2,1513.2,200000.0,100000.0,201513.2,4,NF,4,A1,c32a7c29ed5f04cbbc0da86442c92d5d68f2ba0d63dfbe5f3d238a4c9e530c02,2026-08-21T15:15:08
4254,2026-08-21,SMRITITR,VS18,AVG,0.0,1512.55,0.0,0.0,0.0,1512.55,1512.55,250000.0,125000.0,251512.55,4,NF,4,A1,c32a7c29ed5f04cbbc0da86442c92d5d68f2ba0d63dfbe5f3d238a4c9e530c02,2026-08-21T15:15:08
4233,2026-08-21,AM006,VS19,AVG,0.0,29595.8,0.0,0.0,0.0,29595.8,29595.8,1200000.0,2000000.0,1229595.8,4,NF,4,A15,a8aeaf0c42306283bf7ed1f96f57ad19c341d526589d10408294d4e24f683ea5,2026-08-21T15:14:25
4234,2026-08-21,ANITAKA9,VS19,AVG,0.0,1587.95,0.0,0.0,0.0,1587.95,1587.95,350000.0,175000.0,351587.95,4,NF,4,A15,a8aeaf0c42306283bf7ed1f96f57ad19c341d526589d10408294d4e24f683ea5,2026-08-21T15:14:25
4235,2026-08-21,BHADADAR,VS19,AVG,0.0,1571.7,0.0,0.0,0.0,1571.7,1571.7,0.0,100000.0,1571.7,4,NF,4,A15,a8aeaf0c42306283bf7ed1f96f57ad19c341d526589d10408294d4e24f683ea5,2026-08-21T15:14:25
4236,2026-08-21,LOYALKAV,VS19,AVG,0.0,1597.7,0.0,0.0,0.0,1597.7,1597.7,250000.0,125000.0,251597.7,4,NF,4,A15,a8aeaf0c42306283bf7ed1f96f57ad19c341d526589d10408294d4e24f683ea5,2026-08-21T15:14:25
4237,2026-08-21,MNAVEENT,VS19,AVG,0.0,1619.8,0.0,0.0,0.0,1619.8,1619.8,250000.0,125000.0,251619.8,4,NF,4,A15,a8aeaf0c42306283bf7ed1f96f57ad19c341d526589d10408294d4e24f683ea5,2026-08-21T15:14:25
4238,2026-08-21,MRAHULY2,VS19,AVG,0.0,3192.8,0.0,0.0,0.0,3192.8,3192.8,500000.0,250000.0,503192.8,4,NF,4,A15,a8aeaf0c42306283bf7ed1f96f57ad19c341d526589d10408294d4e24f683ea5,2026-08-21T15:14:25
4239,2026-08-21,MRAJESSH,VS19,AVG,0.0,1588.6,0.0,0.0,0.0,1588.6,1588.6,400000.0,200000.0,401588.6,4,NF,4,A15,a8aeaf0c42306283bf7ed1f96f57ad19c341d526589d10408294d4e24f683ea5,2026-08-21T15:14:25
4212,2026-08-21,7RA1GT70,VS2,FIFO,0.0,1693.25,0.0,0.0,0.0,1693.25,1693.25,300000.0,150000.0,300000.0,4,NF,4,A15,58e0a7bb4d83d6cce321023fadbbf10305e975220f07d4794e40c6a57d261498,2026-08-21T15:13:20
4213,2026-08-21,7RIK2028,VS2,FIFO,0.0,1670.5,0.0,0.0,0.0,1670.5,1670.5,0.0,125000.0,0.0,4,NF,4,A15,58e0a7bb4d83d6cce321023fadbbf10305e975220f07d4794e40c6a57d261498,2026-08-21T15:13:20
4214,2026-08-21,AJ008HY,VS2,AVG,0.0,15198.3,0.0,0.0,0.0,15198.3,15198.3,600000.0,1000000.0,615198.3,4,NF,4,A15,58e0a7bb4d83d6cce321023fadbbf10305e975220f07d4794e40c6a57d261498,2026-08-21T15:13:20
4215,2026-08-21,ZZJ17218,VS2,AVG,0.0,1680.9,0.0,0.0,0.0,1680.9,1680.9,120000.0,200000.0,121680.9,4,NF,4,A15,58e0a7bb4d83d6cce321023fadbbf10305e975220f07d4794e40c6a57d261498,2026-08-21T15:13:20
4133,2026-08-21,7RA110035,VS26,FIFO,6.5,14916.2,0.0,0.0,6.5,14916.2,14922.7,1000000.0,1000000.0,1000006.5,4,NF,4,A7,db8b10374bd8a22d4724e38ae98e28c7f6a94042227a0b04dba6976ebcb5012e,2026-08-21T15:11:08
4134,2026-08-21,7RA110085,VS26,FIFO,6.5,1670.5,0.0,0.0,6.5,1670.5,1677.0,180000.0,100000.0,180006.5,4,NF,4,A7,db8b10374bd8a22d4724e38ae98e28c7f6a94042227a0b04dba6976ebcb5012e,2026-08-21T15:11:08
4135,2026-08-21,7RA110117,VS26,FIFO,6.5,1638.0,0.0,0.0,6.5,1638.0,1644.5,270000.0,150000.0,270006.5,4,NF,4,A7,db8b10374bd8a22d4724e38ae98e28c7f6a94042227a0b04dba6976ebcb5012e,2026-08-21T15:11:08
4136,2026-08-21,7RA1KH71,VS26,FIFO,6.5,1651.0,0.0,0.0,6.5,1651.0,1657.5,315000.0,175000.0,315006.5,4,NF,4,A7,db8b10374bd8a22d4724e38ae98e28c7f6a94042227a0b04dba6976ebcb5012e,2026-08-21T15:11:08
4137,2026-08-21,7RIK2015,VS26,FIFO,6.5,1641.25,0.0,0.0,6.5,1641.25,1647.75,360000.0,200000.0,360006.5,4,NF,4,A7,db8b10374bd8a22d4724e38ae98e28c7f6a94042227a0b04dba6976ebcb5012e,2026-08-21T15:11:08
4138,2026-08-21,7RIK2017,VS26,FIFO,6.5,1641.25,0.0,0.0,6.5,1641.25,1647.75,315000.0,175000.0,315006.5,4,NF,4,A7,db8b10374bd8a22d4724e38ae98e28c7f6a94042227a0b04dba6976ebcb5012e,2026-08-21T15:11:08
4139,2026-08-21,7RIK2026,VS26,FIFO,6.5,1683.5,0.0,0.0,6.5,1683.5,1690.0,225000.0,125000.0,225006.5,4,NF,4,A7,db8b10374bd8a22d4724e38ae98e28c7f6a94042227a0b04dba6976ebcb5012e,2026-08-21T15:11:08
4140,2026-08-21,7RIK2029,VS26,FIFO,6.5,1683.5,0.0,0.0,6.5,1683.5,1690.0,315000.0,175000.0,315006.5,4,NF,4,A7,db8b10374bd8a22d4724e38ae98e28c7f6a94042227a0b04dba6976ebcb5012e,2026-08-21T15:11:08
4141,2026-08-21,7RIK2042,VS26,FIFO,6.5,1644.5,0.0,0.0,6.5,1644.5,1651.0,225000.0,125000.0,225006.5,4,NF,4,A7,db8b10374bd8a22d4724e38ae98e28c7f6a94042227a0b04dba6976ebcb5012e,2026-08-21T15:11:08
4142,2026-08-21,AJ008DI,VS26,AVG,5.2,35946.3,0.0,0.0,5.2,35946.3,35951.5,1380000.0,2300000.0,1415951.5,4,NF,4,A7,db8b10374bd8a22d4724e38ae98e28c7f6a94042227a0b04dba6976ebcb5012e,2026-08-21T15:11:08
4143,2026-08-21,MT1002494,VS26,FIFO,6.5,1638.0,0.0,0.0,6.5,1638.0,1644.5,180000.0,100000.0,180006.5,4,NF,4,A7,db8b10374bd8a22d4724e38ae98e28c7f6a94042227a0b04dba6976ebcb5012e,2026-08-21T15:11:08
4144,2026-08-21,ZZJ17084,VS26,AVG,4.55,4824.3,0.0,0.0,4.55,4824.3,4828.85,240000.0,400000.0,244828.85,4,NF,4,A7,db8b10374bd8a22d4724e38ae98e28c7f6a94042227a0b04dba6976ebcb5012e,2026-08-21T15:11:08
4155,2026-08-21,11216274,VS27,AVG,0.0,6128.2,0.0,0.0,0.0,6128.2,6128.2,500000.0,500000.0,1006128.2,4,NF,4,A1,7a4fd8e3d05bf8c1097832d02d14559560a9a62d2f15d1fa87daf81b6f2fcf40,2026-08-21T15:11:51
4156,2026-08-21,AJ008AI,VS27,AVG,0.0,35097.4,0.0,0.0,0.0,35097.4,35097.4,1380000.0,2300000.0,4635097.4,4,NF,4,A1,7a4fd8e3d05bf8c1097832d02d14559560a9a62d2f15d1fa87daf81b6f2fcf40,2026-08-21T15:11:51
4157,2026-08-21,APOORV77,VS27,AVG,0.0,1541.15,0.0,0.0,0.0,1541.15,1541.15,200000.0,100000.0,201541.15,4,NF,4,A1,7a4fd8e3d05bf8c1097832d02d14559560a9a62d2f15d1fa87daf81b6f2fcf40,2026-08-21T15:11:51
4158,2026-08-21,KARANBHL,VS27,AVG,0.0,1481.35,0.0,0.0,0.0,1481.35,1481.35,200000.0,100000.0,201481.35,4,NF,4,A1,7a4fd8e3d05bf8c1097832d02d14559560a9a62d2f15d1fa87daf81b6f2fcf40,2026-08-21T15:11:51
4159,2026-08-21,MBADAYA0,VS27,AVG,0.0,1506.7,0.0,0.0,0.0,1506.7,1506.7,250000.0,125000.0,251506.7,4,NF,4,A1,7a4fd8e3d05bf8c1097832d02d14559560a9a62d2f15d1fa87daf81b6f2fcf40,2026-08-21T15:11:51
4160,2026-08-21,MGUPTA20,VS27,AVG,0.0,1502.8,0.0,0.0,0.0,1502.8,1502.8,250000.0,125000.0,251502.8,4,NF,4,A1,7a4fd8e3d05bf8c1097832d02d14559560a9a62d2f15d1fa87daf81b6f2fcf40,2026-08-21T15:11:51
4161,2026-08-21,MMUKESHS,VS27,AVG,0.0,1530.1,0.0,0.0,0.0,1530.1,1530.1,150000.0,75000.0,151530.1,4,NF,4,A1,7a4fd8e3d05bf8c1097832d02d14559560a9a62d2f15d1fa87daf81b6f2fcf40,2026-08-21T15:11:51
4162,2026-08-21,MPOONAMM,VS27,AVG,0.0,1567.15,0.0,0.0,0.0,1567.15,1567.15,200000.0,100000.0,201567.15,4,NF,4,A1,7a4fd8e3d05bf8c1097832d02d14559560a9a62d2f15d1fa87daf81b6f2fcf40,2026-08-21T15:11:51
4163,2026-08-21,NANDITAY,VS27,AVG,0.0,1548.3,0.0,0.0,0.0,1548.3,1548.3,250000.0,125000.0,251548.3,4,NF,4,A1,7a4fd8e3d05bf8c1097832d02d14559560a9a62d2f15d1fa87daf81b6f2fcf40,2026-08-21T15:11:51
4164,2026-08-21,RAJAGRA0,VS27,AVG,0.0,1496.95,0.0,0.0,0.0,1496.95,1496.95,400000.0,200000.0,401496.95,4,NF,4,A1,7a4fd8e3d05bf8c1097832d02d14559560a9a62d2f15d1fa87daf81b6f2fcf40,2026-08-21T15:11:51
4165,2026-08-21,ZPROV1,VS27,FIFO,0.0,0.0,0.0,0.0,0.0,0.0,0.0,200000.0,100000.0,200000.0,4,NF,4,A1,7a4fd8e3d05bf8c1097832d02d14559560a9a62d2f15d1fa87daf81b6f2fcf40,2026-08-21T15:11:51
4166,2026-08-21,ZZJ17221,VS27,AVG,-6.5,4666.35,0.0,0.0,-6.5,4666.35,4659.85,240000.0,400000.0,244659.85,4,NF,4,A1,7a4fd8e3d05bf8c1097832d02d14559560a9a62d2f15d1fa87daf81b6f2fcf40,2026-08-21T15:11:51
4167,2026-08-21,ZZJ17416,VS27,AVG,-6.5,4656.6,0.0,0.0,-6.5,4656.6,4650.1,240000.0,400000.0,244650.1,4,NF,4,A1,7a4fd8e3d05bf8c1097832d02d14559560a9a62d2f15d1fa87daf81b6f2fcf40,2026-08-21T15:11:51
4145,2026-08-21,26407888,VS3,AVG,-772.5,880.8,0.0,0.0,-772.5,880.8,108.3,250000.0,125000.0,250108.3,4,BNF,4,A1,890114ab60f930db07a03633e08d7e9bfe1067dd3494b5181843026671fb2a73,2026-08-21T15:11:30
4146,2026-08-21,29898256,VS3,AVG,-769.5,933.3,0.0,0.0,-769.5,933.3,163.8,0.0,125000.0,250163.8,4,BNF,4,A1,890114ab60f930db07a03633e08d7e9bfe1067dd3494b5181843026671fb2a73,2026-08-21T15:11:30
4147,2026-08-21,30368271,VS3,AVG,-772.5,922.5,0.0,0.0,-772.5,922.5,150.0,0.0,100000.0,200150.0,4,BNF,4,A1,890114ab60f930db07a03633e08d7e9bfe1067dd3494b5181843026671fb2a73,2026-08-21T15:11:30
4148,2026-08-21,46891412,VS3,AVG,-774.6,929.7,0.0,0.0,-774.6,929.7,155.1,0.0,125000.0,250155.1,4,BNF,4,A1,890114ab60f930db07a03633e08d7e9bfe1067dd3494b5181843026671fb2a73,2026-08-21T15:11:30
4149,2026-08-21,54046262,VS3,AVG,-768.0,996.0,0.0,0.0,-768.0,996.0,228.0,300000.0,150000.0,300228.0,4,BNF,4,A1,890114ab60f930db07a03633e08d7e9bfe1067dd3494b5181843026671fb2a73,2026-08-21T15:11:30
4150,2026-08-21,58480023,VS3,AVG,-774.6,883.2,0.0,0.0,-774.6,883.2,108.6,0.0,100000.0,200108.6,4,BNF,4,A1,890114ab60f930db07a03633e08d7e9bfe1067dd3494b5181843026671fb2a73,2026-08-21T15:11:30
4151,2026-08-21,AVS00RKL,VS3,AVG,-773.1,925.2,0.0,0.0,-773.1,925.2,152.1,0.0,150000.0,300152.1,4,BNF,4,A1,890114ab60f930db07a03633e08d7e9bfe1067dd3494b5181843026671fb2a73,2026-08-21T15:11:30
4152,2026-08-21,IR0012,VS3,AVG,-771.6,957.0,0.0,0.0,-771.6,957.0,185.4,200000.0,100000.0,200185.4,4,BNF,4,A1,890114ab60f930db07a03633e08d7e9bfe1067dd3494b5181843026671fb2a73,2026-08-21T15:11:30
4153,2026-08-21,KRISTA78,VS3,AVG,-777.0,885.6,0.0,0.0,-777.0,885.6,108.6,300000.0,150000.0,300108.6,4,BNF,4,A1,890114ab60f930db07a03633e08d7e9bfe1067dd3494b5181843026671fb2a73,2026-08-21T15:11:30
4154,2026-08-21,NS0008,VS3,AVG,-771.6,963.9,0.0,0.0,-771.6,963.9,192.3,200000.0,100000.0,200192.3,4,BNF,4,A1,890114ab60f930db07a03633e08d7e9bfe1067dd3494b5181843026671fb2a73,2026-08-21T15:11:30
4240,2026-08-21,AM008,VS30,AVG,-7.8,22313.85,0.0,0.0,-7.8,22313.85,22306.05,900000.0,1500000.0,922306.05,4,NF,4,A7,db6d127d46391a5c47ee3629d23929e9c2213212c9ab0474a49de1536f16c4e5,2026-08-21T15:14:47
4241,2026-08-21,ZPRO1,VS30,FIFO,-3.25,0.0,0.0,0.0,-3.25,0.0,-3.25,180000.0,100000.0,179996.75,4,NF,4,A7,db6d127d46391a5c47ee3629d23929e9c2213212c9ab0474a49de1536f16c4e5,2026-08-21T15:14:47
4242,2026-08-21,ZZJ17223,VS30,AVG,-7.8,4699.5,0.0,0.0,-7.8,4699.5,4691.7,240000.0,400000.0,244691.7,4,NF,4,A7,db6d127d46391a5c47ee3629d23929e9c2213212c9ab0474a49de1536f16c4e5,2026-08-21T15:14:47
4196,2026-08-21,10408756,VS4,AVG,-916.8,1872.9,0.0,0.0,-916.8,1872.9,956.1,0.0,125000.0,225956.1,4,BNF,4,A7,e176b1c560617ebf5b70ff03144ae9b718c2dc18703c7ff99e1e2d0a3eeaaaa9,2026-08-21T15:12:57
4197,2026-08-21,14419090,VS4,AVG,-915.6,1980.0,0.0,0.0,-915.6,1980.0,1064.4,0.0,125000.0,226064.4,4,BNF,4,A7,e176b1c560617ebf5b70ff03144ae9b718c2dc18703c7ff99e1e2d0a3eeaaaa9,2026-08-21T15:12:57
4198,2026-08-21,19583994,VS4,AVG,-915.3,1938.0,0.0,0.0,-915.3,1938.0,1022.7,0.0,125000.0,226022.7,4,BNF,4,A7,e176b1c560617ebf5b70ff03144ae9b718c2dc18703c7ff99e1e2d0a3eeaaaa9,2026-08-21T15:12:57
4199,2026-08-21,57437129,VS4,AVG,-912.3,2019.0,0.0,0.0,-912.3,2019.0,1106.7,0.0,150000.0,271106.7,4,BNF,4,A7,e176b1c560617ebf5b70ff03144ae9b718c2dc18703c7ff99e1e2d0a3eeaaaa9,2026-08-21T15:12:57
4200,2026-08-21,64785796,VS4,AVG,-922.2,2069.1,0.0,0.0,-922.2,2069.1,1146.9,0.0,175000.0,316146.9,4,BNF,4,A7,e176b1c560617ebf5b70ff03144ae9b718c2dc18703c7ff99e1e2d0a3eeaaaa9,2026-08-21T15:12:57
4201,2026-08-21,75962003,VS4,AVG,-909.3,1998.6,0.0,0.0,-909.3,1998.6,1089.3,270000.0,150000.0,271089.3,4,BNF,4,A7,e176b1c560617ebf5b70ff03144ae9b718c2dc18703c7ff99e1e2d0a3eeaaaa9,2026-08-21T15:12:57
4202,2026-08-21,85533200,VS4,AVG,-924.3,1931.7,0.0,0.0,-924.3,1931.7,1007.4,0.0,100000.0,181007.4,4,BNF,4,A7,e176b1c560617ebf5b70ff03144ae9b718c2dc18703c7ff99e1e2d0a3eeaaaa9,2026-08-21T15:12:57
4203,2026-08-21,92348046,VS4,AVG,-915.9,1803.6,0.0,0.0,-915.9,1803.6,887.7,180000.0,100000.0,180887.7,4,BNF,4,A7,e176b1c560617ebf5b70ff03144ae9b718c2dc18703c7ff99e1e2d0a3eeaaaa9,2026-08-21T15:12:57
4204,2026-08-21,AVS03LKW,VS4,AVG,-908.1,1780.2,0.0,0.0,-908.1,1780.2,872.1,0.0,125000.0,225872.1,4,BNF,4,A7,e176b1c560617ebf5b70ff03144ae9b718c2dc18703c7ff99e1e2d0a3eeaaaa9,2026-08-21T15:12:57
4205,2026-08-21,BHADADAG,VS4,AVG,-924.0,1959.9,0.0,0.0,-924.0,1959.9,1035.9,0.0,100000.0,1035.9,4,BNF,4,A7,e176b1c560617ebf5b70ff03144ae9b718c2dc18703c7ff99e1e2d0a3eeaaaa9,2026-08-21T15:12:57
4206,2026-08-21,HUFPUGAL,VS4,AVG,-908.1,1814.4,0.0,0.0,-908.1,1814.4,906.3,0.0,175000.0,315906.3,4,BNF,4,A7,e176b1c560617ebf5b70ff03144ae9b718c2dc18703c7ff99e1e2d0a3eeaaaa9,2026-08-21T15:12:57
4207,2026-08-21,KASAR116,VS4,AVG,-901.8,1916.4,0.0,0.0,-901.8,1916.4,1014.6,0.0,125000.0,226014.6,4,BNF,4,A7,e176b1c560617ebf5b70ff03144ae9b718c2dc18703c7ff99e1e2d0a3eeaaaa9,2026-08-21T15:12:57
4208,2026-08-21,MARIA196,VS4,AVG,-881.1,2026.5,0.0,0.0,-881.1,2026.5,1145.4,0.0,150000.0,271145.4,4,BNF,4,A7,e176b1c560617ebf5b70ff03144ae9b718c2dc18703c7ff99e1e2d0a3eeaaaa9,2026-08-21T15:12:57
4209,2026-08-21,NK0002,VS4,AVG,-900.0,2088.9,0.0,0.0,-900.0,2088.9,1188.9,270000.0,150000.0,271188.9,4,BNF,4,A7,e176b1c560617ebf5b70ff03144ae9b718c2dc18703c7ff99e1e2d0a3eeaaaa9,2026-08-21T15:12:57
4210,2026-08-21,RAHULG15,VS4,AVG,-881.7,1947.6,0.0,0.0,-881.7,1947.6,1065.9,0.0,175000.0,316065.9,4,BNF,4,A7,e176b1c560617ebf5b70ff03144ae9b718c2dc18703c7ff99e1e2d0a3eeaaaa9,2026-08-21T15:12:57
4211,2026-08-21,SHAMLAL4,VS4,AVG,-909.9,1789.2,0.0,0.0,-909.9,1789.2,879.3,0.0,150000.0,270879.3,4,BNF,4,A7,e176b1c560617ebf5b70ff03144ae9b718c2dc18703c7ff99e1e2d0a3eeaaaa9,2026-08-21T15:12:57
4216,2026-08-21,18400763,VS6,AVG,-780.9,766.5,0.0,0.0,-780.9,766.5,-14.4,0.0,125000.0,249985.6,4,BNF,4,A1,46a2e6978ab18fce71cb2376b226e853b5a9bce628a24be1b9a77dfdc8a3b7c3,2026-08-21T15:13:41
4217,2026-08-21,55910733,VS6,AVG,-776.4,762.3,0.0,0.0,-776.4,762.3,-14.1,0.0,125000.0,249985.9,4,BNF,4,A1,46a2e6978ab18fce71cb2376b226e853b5a9bce628a24be1b9a77dfdc8a3b7c3,2026-08-21T15:13:41
4218,2026-08-21,92176368,VS6,AVG,-776.4,772.8,0.0,0.0,-776.4,772.8,-3.6,0.0,125000.0,-3.6,4,BNF,4,A1,46a2e6978ab18fce71cb2376b226e853b5a9bce628a24be1b9a77dfdc8a3b7c3,2026-08-21T15:13:41
4219,2026-08-21,AMITHUFB,VS6,AVG,-776.1,794.1,0.0,0.0,-776.1,794.1,18.0,250000.0,125000.0,250018.0,4,BNF,4,A1,46a2e6978ab18fce71cb2376b226e853b5a9bce628a24be1b9a77dfdc8a3b7c3,2026-08-21T15:13:41
4220,2026-08-21,MAMIT782,VS6,AVG,-771.9,799.8,0.0,0.0,-771.9,799.8,27.9,0.0,125000.0,250027.9,4,BNF,4,A1,46a2e6978ab18fce71cb2376b226e853b5a9bce628a24be1b9a77dfdc8a3b7c3,2026-08-21T15:13:41
4221,2026-08-21,MMILIND7,VS6,AVG,-773.4,819.9,0.0,0.0,-773.4,819.9,46.5,300000.0,150000.0,300046.5,4,BNF,4,A1,46a2e6978ab18fce71cb2376b226e853b5a9bce628a24be1b9a77dfdc8a3b7c3,2026-08-21T15:13:41
4222,2026-08-21,SPAN0050,VS6,AVG,-771.6,804.9,0.0,0.0,-771.6,804.9,33.3,250000.0,125000.0,250033.3,4,BNF,4,A1,46a2e6978ab18fce71cb2376b226e853b5a9bce628a24be1b9a77dfdc8a3b7c3,2026-08-21T15:13:41
4108,2026-08-21,AM005,VS8,AVG,0.0,22421.1,0.0,0.0,0.0,22421.1,22421.1,900000.0,1500000.0,922421.1,4,NF,4,A1,a06e08800e817f7f5a09c59bf7ea12494a23718d6c0baacf904329584673f5f4,2026-08-21T15:10:24
